번호,파일명,유형,원본출처,사용여부,사용일자,콘텐츠
1,grade_b_haetsali_happy_001.jpg,grade_B,needs_rotation → 회전+크롭,,,
2,grade_b_haetsali_happy_002.jpg,grade_B,needs_rotation → 회전+크롭,,,
3,grade_b_haetsali_happy_003.jpg,grade_B,needs_rotation → 회전+크롭,,,
4,grade_b_haetsali_happy_008.jpg,grade_B,needs_rotation → 회전+크롭,,,
5,grade_b_haetsali_happy_009.jpg,grade_B,needs_rotation → 회전+크롭,,,
6,grade_b_haetsali_happy_010.jpg,grade_B,needs_rotation → 회전+크롭,,,
7,grade_b_haetsali_happy_011.jpg,grade_B,needs_rotation → 회전+크롭,,,
8,grade_b_haetsali_happy_012.jpg,grade_B,needs_rotation → 회전+크롭,,,
9,grade_b_haetsali_happy_013.jpg,grade_B,needs_rotation → 회전+크롭,,,
10,grade_b_haetsali_happy_014.jpg,grade_B,needs_rotation → 회전+크롭,,,
11,grade_b_haetsali_happy_015.jpg,grade_B,needs_rotation → 회전+크롭,,,
12,grade_b_haetsali_happy_016.jpg,grade_B,needs_rotation → 회전+크롭,,,
13,grade_b_haetsali_happy_017.jpg,grade_B,needs_rotation → 회전+크롭,,,
14,grade_b_haetsali_happy_018.jpg,grade_B,needs_rotation → 회전+크롭,,,
15,grade_b_haetsali_happy_019.jpg,grade_B,needs_rotation → 회전+크롭,,,
16,grade_b_haetsali_happy_020.jpg,grade_B,needs_rotation → 회전+크롭,,,
17,grade_b_haetsali_happy_021.jpg,grade_B,needs_rotation → 회전+크롭,,,
18,grade_b_haetsali_happy_022.jpg,grade_B,needs_rotation → 회전+크롭,,,
19,grade_b_haetsali_happy_023.jpg,grade_B,needs_rotation → 회전+크롭,,,
20,grade_b_haetsali_happy_024.jpg,grade_B,needs_rotation → 회전+크롭,,,
21,grade_b_haetsali_happy_025.jpg,grade_B,needs_rotation → 회전+크롭,,,
22,grade_b_haetsali_happy_026.jpg,grade_B,needs_rotation → 회전+크롭,,,
23,grade_b_haetsali_happy_027.jpg,grade_B,needs_rotation → 회전+크롭,,,
24,grade_b_haetsali_happy_028.jpg,grade_B,needs_rotation → 회전+크롭,,,
25,grade_b_haetsali_happy_029.jpg,grade_B,needs_rotation → 회전+크롭,,,
26,grade_b_haetsali_happy_030.jpg,grade_B,needs_rotation → 회전+크롭,,,
27,grade_b_haetsali_happy_031.jpg,grade_B,needs_rotation → 회전+크롭,,,
28,grade_b_haetsali_happy_032.jpg,grade_B,needs_rotation → 회전+크롭,,,
29,grade_b_haetsali_happy_033.jpg,grade_B,needs_rotation → 회전+크롭,,,
30,grade_b_haetsali_happy_034.jpg,grade_B,needs_rotation → 회전+크롭,,,
31,grade_b_haetsali_happy_035.jpg,grade_B,needs_rotation → 회전+크롭,,,
32,grade_b_haetsali_happy_036.jpg,grade_B,needs_rotation → 회전+크롭,,,
33,grade_b_haetsali_happy_037.jpg,grade_B,needs_rotation → 회전+크롭,,,
34,grade_b_haetsali_happy_038.jpg,grade_B,needs_rotation → 회전+크롭,,,
35,grade_b_haetsali_happy_039.jpg,grade_B,needs_rotation → 회전+크롭,,,
36,grade_b_haetsali_happy_040.jpg,grade_B,needs_rotation → 회전+크롭,,,
37,grade_b_haetsali_happy_041.jpg,grade_B,needs_rotation → 회전+크롭,,,
38,grade_b_haetsali_happy_042.jpg,grade_B,needs_rotation → 회전+크롭,,,
39,grade_b_haetsali_happy_102.jpg,grade_B,needs_rotation → 회전+크롭,,,
40,grade_b_haetsali_happy_116.jpg,grade_B,needs_rotation → 회전+크롭,,,
41,grade_b_haetsali_happy_117.jpg,grade_B,needs_rotation → 회전+크롭,,,
42,grade_b_haetsali_happy_118.jpg,grade_B,needs_rotation → 회전+크롭,,,
43,grade_b_haetsali_happy_120.jpg,grade_B,needs_rotation → 회전+크롭,,,
44,grade_b_haetsali_happy_121.jpg,grade_B,needs_rotation → 회전+크롭,,,
45,grade_b_haetsali_happy_122.jpg,grade_B,needs_rotation → 회전+크롭,,,
46,grade_b_haetsali_happy_123.jpg,grade_B,needs_rotation → 회전+크롭,,,
47,grade_b_haetsali_happy_125.jpg,grade_B,needs_rotation → 회전+크롭,,,
48,grade_b_haetsali_happy_127.jpg,grade_B,needs_rotation → 회전+크롭,,,
49,grade_b_haetsali_happy_128.jpg,grade_B,needs_rotation → 회전+크롭,,,
50,grade_b_haetsali_happy_129.jpg,grade_B,needs_rotation → 회전+크롭,,,
51,grade_b_haetsali_happy_130.jpg,grade_B,needs_rotation → 회전+크롭,,,
52,grade_b_haetsali_happy_131.jpg,grade_B,needs_rotation → 회전+크롭,,,
53,grade_b_haetsali_happy_132.jpg,grade_B,needs_rotation → 회전+크롭,,,
54,grade_b_haetsali_happy_133.jpg,grade_B,needs_rotation → 회전+크롭,,,
55,grade_b_haetsali_happy_134.jpg,grade_B,needs_rotation → 회전+크롭,,,
56,grade_b_haetsali_happy_135.jpg,grade_B,needs_rotation → 회전+크롭,,,
57,grade_b_haetsali_happy_136.jpg,grade_B,needs_rotation → 회전+크롭,,,
58,grade_b_haetsali_happy_137.jpg,grade_B,needs_rotation → 회전+크롭,,,
59,grade_b_haetsali_happy_138.jpg,grade_B,needs_rotation → 회전+크롭,,,
60,grade_b_haetsali_happy_140.jpg,grade_B,needs_rotation → 회전+크롭,,,
61,grade_b_haetsali_happy_141.jpg,grade_B,needs_rotation → 회전+크롭,,,
62,grade_b_haetsali_happy_142.jpg,grade_B,needs_rotation → 회전+크롭,,,
63,grade_b_haetsali_happy_143.jpg,grade_B,needs_rotation → 회전+크롭,,,
64,grade_b_haetsali_happy_144.jpg,grade_B,needs_rotation → 회전+크롭,,,
65,grade_b_haetsali_happy_145.jpg,grade_B,needs_rotation → 회전+크롭,,,
66,grade_b_haetsali_happy_146.jpg,grade_B,needs_rotation → 회전+크롭,,,
67,grade_b_haetsali_happy_147.jpg,grade_B,needs_rotation → 회전+크롭,,,
68,grade_b_haetsali_happy_148.jpg,grade_B,needs_rotation → 회전+크롭,,,
69,grade_b_haetsali_happy_149.jpg,grade_B,needs_rotation → 회전+크롭,,,
70,grade_b_haetsali_happy_150.jpg,grade_B,needs_rotation → 회전+크롭,,,
71,grade_b_haetsali_happy_151.jpg,grade_B,needs_rotation → 회전+크롭,,,
72,grade_b_haetsali_happy_213.jpg,grade_B,needs_rotation → 회전+크롭,,,
73,grade_b_haetsali_happy_214.jpg,grade_B,needs_rotation → 회전+크롭,,,
74,grade_b_haetsali_happy_215.jpg,grade_B,needs_rotation → 회전+크롭,,,
75,grade_b_haetsali_happy_216.jpg,grade_B,needs_rotation → 회전+크롭,,,
76,grade_b_haetsali_happy_217.jpg,grade_B,needs_rotation → 회전+크롭,,,
77,grade_b_haetsali_happy_218.jpg,grade_B,needs_rotation → 회전+크롭,,,
78,grade_b_haetsali_happy_226.jpg,grade_B,needs_rotation → 회전+크롭,,,
79,grade_b_haetsali_happy_227.jpg,grade_B,needs_rotation → 회전+크롭,,,
80,grade_b_haetsali_happy_228.jpg,grade_B,needs_rotation → 회전+크롭,,,
81,grade_b_haetsali_happy_229.jpg,grade_B,needs_rotation → 회전+크롭,,,
82,grade_b_haetsali_happy_230.jpg,grade_B,needs_rotation → 회전+크롭,,,
83,grade_b_haetsali_happy_231.jpg,grade_B,needs_rotation → 회전+크롭,,,
84,grade_b_haetsali_happy_232.jpg,grade_B,needs_rotation → 회전+크롭,,,
85,grade_b_haetsali_happy_233.jpg,grade_B,needs_rotation → 회전+크롭,,,
86,grade_b_haetsali_happy_236.jpg,grade_B,needs_rotation → 회전+크롭,,,
87,grade_b_haetsali_happy_243.jpg,grade_B,needs_rotation → 회전+크롭,,,
88,grade_b_haetsali_happy_244.jpg,grade_B,needs_rotation → 회전+크롭,,,
89,grade_b_haetsali_happy_245.jpg,grade_B,needs_rotation → 회전+크롭,,,
90,grade_b_haetsali_happy_246.jpg,grade_B,needs_rotation → 회전+크롭,,,
91,grade_b_haetsali_happy_247.jpg,grade_B,needs_rotation → 회전+크롭,,,
92,grade_b_haetsali_happy_248.jpg,grade_B,needs_rotation → 회전+크롭,,,
93,grade_b_haetsali_happy_249.jpg,grade_B,needs_rotation → 회전+크롭,,,
94,grade_b_haetsali_happy_262.jpg,grade_B,needs_rotation → 회전+크롭,,,
95,grade_b_haetsali_happy_268.jpg,grade_B,needs_rotation → 회전+크롭,,,
96,grade_b_haetsali_happy_269.jpg,grade_B,needs_rotation → 회전+크롭,,,
97,grade_b_haetsali_happy_270.jpg,grade_B,needs_rotation → 회전+크롭,,,
98,grade_b_haetsali_happy_271.jpg,grade_B,needs_rotation → 회전+크롭,,,
99,grade_b_haetsali_happy_272.jpg,grade_B,needs_rotation → 회전+크롭,,,
100,grade_b_haetsali_happy_273.jpg,grade_B,needs_rotation → 회전+크롭,,,
101,grade_b_haetsali_happy_274.jpg,grade_B,needs_rotation → 회전+크롭,,,
102,grade_b_haetsali_happy_275.jpg,grade_B,needs_rotation → 회전+크롭,,,
103,grade_b_haetsali_happy_276.jpg,grade_B,needs_rotation → 회전+크롭,,,
104,grade_b_haetsali_happy_277.jpg,grade_B,needs_rotation → 회전+크롭,,,
105,grade_b_haetsali_happy_278.jpg,grade_B,needs_rotation → 회전+크롭,,,
106,grade_b_haetsali_happy_279.jpg,grade_B,needs_rotation → 회전+크롭,,,
107,grade_b_haetsali_happy_283.jpg,grade_B,needs_rotation → 회전+크롭,,,
108,grade_b_haetsali_happy_284.jpg,grade_B,needs_rotation → 회전+크롭,,,
109,grade_b_haetsali_happy_285.jpg,grade_B,needs_rotation → 회전+크롭,,,
110,grade_b_haetsali_happy_288.jpg,grade_B,needs_rotation → 회전+크롭,,,
111,grade_b_haetsali_happy_290.jpg,grade_B,needs_rotation → 회전+크롭,,,
112,grade_b_haetsali_happy_291.jpg,grade_B,needs_rotation → 회전+크롭,,,
113,grade_b_haetsali_happy_292.jpg,grade_B,needs_rotation → 회전+크롭,,,
114,grade_b_haetsali_happy_293.jpg,grade_B,needs_rotation → 회전+크롭,,,
115,grade_b_haetsali_happy_294.jpg,grade_B,needs_rotation → 회전+크롭,,,
116,grade_b_haetsali_happy_295.jpg,grade_B,needs_rotation → 회전+크롭,,,
117,grade_b_haetsali_happy_296.jpg,grade_B,needs_rotation → 회전+크롭,,,
118,grade_b_haetsali_happy_297.jpg,grade_B,needs_rotation → 회전+크롭,,,
119,grade_b_haetsali_happy_298.jpg,grade_B,needs_rotation → 회전+크롭,,,
120,grade_b_haetsali_happy_299.jpg,grade_B,needs_rotation → 회전+크롭,,,
121,grade_b_haetsali_happy_300.jpg,grade_B,needs_rotation → 회전+크롭,,,
122,grade_b_haetsali_happy_306.jpg,grade_B,needs_rotation → 회전+크롭,,,
123,grade_b_haetsali_happy_307.jpg,grade_B,needs_rotation → 회전+크롭,,,
124,grade_b_haetsali_happy_308.jpg,grade_B,needs_rotation → 회전+크롭,,,
125,grade_b_haetsali_happy_309.jpg,grade_B,needs_rotation → 회전+크롭,,,
126,grade_b_haetsali_happy_310.jpg,grade_B,needs_rotation → 회전+크롭,,,
127,grade_b_haetsali_happy_311.jpg,grade_B,needs_rotation → 회전+크롭,,,
128,grade_b_haetsali_happy_312.jpg,grade_B,needs_rotation → 회전+크롭,,,
129,grade_b_haetsali_happy_313.jpg,grade_B,needs_rotation → 회전+크롭,,,
130,grade_b_haetsali_happy_315.jpg,grade_B,needs_rotation → 회전+크롭,,,
131,grade_b_haetsali_happy_316.jpg,grade_B,needs_rotation → 회전+크롭,,,
132,grade_b_haetsali_happy_317.jpg,grade_B,needs_rotation → 회전+크롭,,,
133,grade_b_haetsali_happy_318.jpg,grade_B,needs_rotation → 회전+크롭,,,
134,grade_b_haetsali_happy_319.jpg,grade_B,needs_rotation → 회전+크롭,,,
135,grade_b_haetsali_happy_320.jpg,grade_B,needs_rotation → 회전+크롭,,,
136,grade_b_haetsali_happy_321.jpg,grade_B,needs_rotation → 회전+크롭,,,
137,grade_b_haetsali_happy_322.jpg,grade_B,needs_rotation → 회전+크롭,,,
138,grade_b_haetsali_happy_328.jpg,grade_B,needs_rotation → 회전+크롭,,,
139,grade_b_haetsali_happy_329.jpg,grade_B,needs_rotation → 회전+크롭,,,
140,grade_b_haetsali_happy_330.jpg,grade_B,needs_rotation → 회전+크롭,,,
141,grade_b_haetsali_happy_331.jpg,grade_B,needs_rotation → 회전+크롭,,,
142,grade_b_haetsali_happy_332.jpg,grade_B,needs_rotation → 회전+크롭,,,
143,grade_b_haetsali_happy_333.jpg,grade_B,needs_rotation → 회전+크롭,,,
144,grade_b_haetsali_happy_334.jpg,grade_B,needs_rotation → 회전+크롭,,,
145,grade_b_haetsali_happy_335.jpg,grade_B,needs_rotation → 회전+크롭,,,
146,grade_b_haetsali_happy_336.jpg,grade_B,needs_rotation → 회전+크롭,,,
147,grade_b_haetsali_happy_337.jpg,grade_B,needs_rotation → 회전+크롭,,,
148,grade_b_haetsali_happy_338.jpg,grade_B,needs_rotation → 회전+크롭,,,
149,grade_b_haetsali_happy_339.jpg,grade_B,needs_rotation → 회전+크롭,,,
150,grade_b_haetsali_happy_343.jpg,grade_B,needs_rotation → 회전+크롭,,,
151,grade_b_haetsali_happy_344.jpg,grade_B,needs_rotation → 회전+크롭,,,
152,grade_b_haetsali_happy_345.jpg,grade_B,needs_rotation → 회전+크롭,,,
153,grade_b_haetsali_happy_346.jpg,grade_B,needs_rotation → 회전+크롭,,,
154,grade_b_haetsali_happy_347.jpg,grade_B,needs_rotation → 회전+크롭,,,
155,grade_b_haetsali_happy_348.jpg,grade_B,needs_rotation → 회전+크롭,,,
156,grade_b_haetsali_happy_349.jpg,grade_B,needs_rotation → 회전+크롭,,,
157,grade_b_haetsali_happy_350.jpg,grade_B,needs_rotation → 회전+크롭,,,
158,grade_b_haetsali_happy_351.jpg,grade_B,needs_rotation → 회전+크롭,,,
159,grade_b_haetsali_happy_352.jpg,grade_B,needs_rotation → 회전+크롭,,,
160,grade_b_haetsali_happy_353.jpg,grade_B,needs_rotation → 회전+크롭,,,
161,grade_b_haetsali_happy_354.jpg,grade_B,needs_rotation → 회전+크롭,,,
162,grade_b_haetsali_happy_357.jpg,grade_B,needs_rotation → 회전+크롭,,,
163,grade_b_haetsali_happy_358.jpg,grade_B,needs_rotation → 회전+크롭,,,
164,grade_b_haetsali_happy_359.jpg,grade_B,needs_rotation → 회전+크롭,,,
165,grade_b_haetsali_happy_360.jpg,grade_B,needs_rotation → 회전+크롭,,,
166,grade_b_haetsali_happy_361.jpg,grade_B,needs_rotation → 회전+크롭,,,
167,grade_b_haetsali_happy_362.jpg,grade_B,needs_rotation → 회전+크롭,,,
168,grade_b_haetsali_happy_387.jpg,grade_B,needs_rotation → 회전+크롭,,,
169,grade_b_haetsali_happy_390.jpg,grade_B,needs_rotation → 회전+크롭,,,
170,grade_b_haetsali_happy_391.jpg,grade_B,needs_rotation → 회전+크롭,,,
171,grade_b_haetsali_happy_409.jpg,grade_B,needs_rotation → 회전+크롭,,,
172,grade_b_haetsali_happy_410.jpg,grade_B,needs_rotation → 회전+크롭,,,
173,grade_b_haetsali_happy_411.jpg,grade_B,needs_rotation → 회전+크롭,,,
174,grade_b_haetsali_happy_414.jpg,grade_B,needs_rotation → 회전+크롭,,,
175,grade_b_haetsali_happy_415.jpg,grade_B,needs_rotation → 회전+크롭,,,
176,grade_b_haetsali_happy_423.jpg,grade_B,needs_rotation → 회전+크롭,,,
177,grade_b_haetsali_happy_424.jpg,grade_B,needs_rotation → 회전+크롭,,,
178,grade_b_haetsali_happy_427.jpg,grade_B,needs_rotation → 회전+크롭,,,
179,grade_b_haetsali_happy_428.jpg,grade_B,needs_rotation → 회전+크롭,,,
180,grade_b_haetsali_happy_429.jpg,grade_B,needs_rotation → 회전+크롭,,,
181,grade_b_haetsali_happy_430.jpg,grade_B,needs_rotation → 회전+크롭,,,
182,grade_b_haetsali_happy_431.jpg,grade_B,needs_rotation → 회전+크롭,,,
183,grade_b_haetsali_happy_432.jpg,grade_B,needs_rotation → 회전+크롭,,,
184,grade_b_haetsali_happy_433.jpg,grade_B,needs_rotation → 회전+크롭,,,
185,grade_b_haetsali_happy_434.jpg,grade_B,needs_rotation → 회전+크롭,,,
186,haetsali_happy_sit_indoor_0001.jpg,grade_A,happy/SIT,,,
187,haetsali_happy_sit_indoor_0002.jpg,grade_A,happy/SIT,,,
188,haetsali_happy_sit_indoor_0003.jpg,grade_A,happy/SIT,,,
189,haetsali_happy_sit_indoor_0004.jpg,grade_A,happy/SIT,,,
190,haetsali_happy_sit_indoor_0005.jpg,grade_A,happy/SIT,,,
191,haetsali_happy_sit_indoor_0006.jpg,grade_A,happy/SIT,,,
192,haetsali_happy_sit_indoor_0007.jpg,grade_A,happy/SIT,,,
193,haetsali_happy_sit_indoor_0008.jpg,grade_A,happy/SIT,,,
194,haetsali_happy_sit_indoor_0009.jpg,grade_A,happy/SIT,,,
195,haetsali_happy_sit_indoor_0010.jpg,grade_A,happy/SIT,,,
196,haetsali_happy_sit_indoor_0011.jpg,grade_A,happy/SIT,,,
197,haetsali_happy_sit_indoor_0012.jpg,grade_A,happy/SIT,,,
198,haetsali_happy_sit_indoor_0013.jpg,grade_A,happy/SIT,,,
199,haetsali_happy_sit_indoor_0014.jpg,grade_A,happy/SIT,,,
200,haetsali_happy_sit_indoor_0015.jpg,grade_A,happy/SIT,,,
201,haetsali_happy_sit_indoor_0016.jpg,grade_A,happy/SIT,,,
202,haetsali_happy_sit_indoor_0017.jpg,grade_A,happy/SIT,,,
203,haetsali_happy_sit_indoor_0018.jpg,grade_A,happy/SIT,,,
204,haetsali_happy_sit_indoor_0019.jpg,grade_A,happy/SIT,,,
205,haetsali_happy_sit_indoor_0020.jpg,grade_A,happy/SIT,,,
206,haetsali_happy_sit_indoor_0021.jpg,grade_A,happy/SIT,,,
207,haetsali_happy_sit_indoor_0022.jpg,grade_A,happy/SIT,,,
208,haetsali_happy_sit_indoor_0023.jpg,grade_A,happy/SIT,,,
209,haetsali_happy_sit_indoor_0024.jpg,grade_A,happy/SIT,,,
210,haetsali_happy_sit_indoor_0025.jpg,grade_A,happy/SIT,,,
211,haetsali_happy_sit_indoor_0026.jpg,grade_A,happy/SIT,,,
212,haetsali_happy_sit_indoor_0027.jpg,grade_A,happy/SIT,,,
213,haetsali_happy_sit_indoor_0028.jpg,grade_A,happy/SIT,,,
214,haetsali_happy_sit_indoor_0029.jpg,grade_A,happy/SIT,,,
215,haetsali_happy_sit_indoor_0030.jpg,grade_A,happy/SIT,,,
216,haetsali_happy_sit_indoor_0031.jpg,grade_A,happy/SIT,,,
217,haetsali_happy_sit_indoor_0032.jpg,grade_A,happy/SIT,,,
218,haetsali_happy_sit_indoor_0033.jpg,grade_A,happy/SIT,,,
219,haetsali_happy_sit_indoor_0034.jpg,grade_A,happy/SIT,,,
220,haetsali_happy_sit_indoor_0035.jpg,grade_A,happy/SIT,,,
221,haetsali_happy_sit_indoor_0036.jpg,grade_A,happy/SIT,,,
222,haetsali_happy_sit_indoor_0037.jpg,grade_A,happy/SIT,,,
223,haetsali_happy_sit_indoor_0038.jpg,grade_A,happy/SIT,,,
224,haetsali_happy_sit_indoor_0039.jpg,grade_A,happy/SIT,,,
225,haetsali_happy_sit_indoor_0040.jpg,grade_A,happy/SIT,,,
226,haetsali_happy_sit_indoor_0041.jpg,grade_A,happy/SIT,,,
227,haetsali_happy_sit_indoor_0042.jpg,grade_A,happy/SIT,,,
228,haetsali_happy_sit_indoor_0043.jpg,grade_A,happy/SIT,,,
229,haetsali_happy_sit_indoor_0044.jpg,grade_A,happy/SIT,,,
230,haetsali_happy_sit_indoor_0045.jpg,grade_A,happy/SIT,,,
231,haetsali_happy_sit_indoor_0046.jpg,grade_A,happy/SIT,,,
232,haetsali_happy_sit_indoor_0047.jpg,grade_A,happy/SIT,,,
233,haetsali_happy_sit_indoor_0048.jpg,grade_A,happy/SIT,,,
234,haetsali_happy_sit_indoor_0049.jpg,grade_A,happy/SIT,,,
235,haetsali_happy_sit_indoor_0050.jpg,grade_A,happy/SIT,,,
236,haetsali_happy_sit_indoor_0051.jpg,grade_A,happy/SIT,,,
237,haetsali_happy_sit_indoor_0052.jpg,grade_A,happy/SIT,,,
238,haetsali_happy_sit_indoor_0053.jpg,grade_A,happy/SIT,,,
239,haetsali_happy_sit_indoor_0054.jpg,grade_A,happy/SIT,,,
240,haetsali_happy_sit_indoor_0055.jpg,grade_A,happy/SIT,,,
241,haetsali_happy_sit_indoor_0056.jpg,grade_A,happy/SIT,,,
242,haetsali_happy_sit_indoor_0057.jpg,grade_A,happy/SIT,,,
243,haetsali_happy_sit_indoor_0058.jpg,grade_A,happy/SIT,,,
244,haetsali_happy_sit_indoor_0059.jpg,grade_A,happy/SIT,,,
245,haetsali_happy_sit_indoor_0060.jpg,grade_A,happy/SIT,,,
246,haetsali_happy_sit_indoor_0061.jpg,grade_A,happy/SIT,,,
247,haetsali_happy_sit_indoor_0062.jpg,grade_A,happy/SIT,,,
248,haetsali_happy_sit_indoor_0063.jpg,grade_A,happy/SIT,,,
249,haetsali_happy_sit_indoor_0064.jpg,grade_A,happy/SIT,,,
250,haetsali_happy_sit_indoor_0065.jpg,grade_A,happy/SIT,,,
251,haetsali_happy_sit_indoor_0066.jpg,grade_A,happy/SIT,,,
252,haetsali_happy_sit_indoor_0067.jpg,grade_A,happy/SIT,,,
253,haetsali_happy_sit_indoor_0068.jpg,grade_A,happy/SIT,,,
254,haetsali_happy_sit_indoor_0069.jpg,grade_A,happy/SIT,,,
255,haetsali_happy_sit_indoor_0070.jpg,grade_A,happy/SIT,,,
256,haetsali_happy_sit_indoor_0071.jpg,grade_A,happy/SIT,,,
257,haetsali_happy_sit_indoor_0072.jpg,grade_A,happy/SIT,,,
258,haetsali_happy_sit_indoor_0073.jpg,grade_A,happy/SIT,,,
259,haetsali_happy_sit_indoor_0074.jpg,grade_A,happy/SIT,,,
260,haetsali_happy_sit_indoor_0075.jpg,grade_A,happy/SIT,,,
261,haetsali_happy_sit_indoor_0076.jpg,grade_A,happy/SIT,,,
262,haetsali_happy_sit_indoor_0077.jpg,grade_A,happy/SIT,,,
263,haetsali_happy_sit_indoor_0078.jpg,grade_A,happy/SIT,,,
264,haetsali_happy_sit_indoor_0079.jpg,grade_A,happy/SIT,,,
265,haetsali_happy_sit_indoor_0080.jpg,grade_A,happy/SIT,,,
266,haetsali_happy_sit_indoor_0081.jpg,grade_A,happy/SIT,,,
267,haetsali_happy_sit_indoor_0082.jpg,grade_A,happy/SIT,,,
268,haetsali_happy_sit_indoor_0083.jpg,grade_A,happy/SIT,,,
269,haetsali_happy_sit_indoor_0084.jpg,grade_A,happy/SIT,,,
270,haetsali_happy_sit_indoor_0085.jpg,grade_A,happy/SIT,,,
271,haetsali_happy_sit_indoor_0086.jpg,grade_A,happy/SIT,,,
272,haetsali_happy_sit_indoor_0087.jpg,grade_A,happy/SIT,,,
273,haetsali_happy_sit_indoor_0088.jpg,grade_A,happy/SIT,,,
274,haetsali_happy_sit_indoor_0089.jpg,grade_A,happy/SIT,,,
275,haetsali_happy_sit_indoor_0090.jpg,grade_A,happy/SIT,,,
276,haetsali_happy_sit_indoor_0091.jpg,grade_A,happy/SIT,,,
277,haetsali_happy_sit_indoor_0093.jpg,grade_A,happy/SIT,,,
278,haetsali_happy_sit_indoor_0094.jpg,grade_A,happy/SIT,,,
279,haetsali_happy_sit_indoor_0095.jpg,grade_A,happy/SIT,,,
280,haetsali_happy_sit_indoor_0096.jpg,grade_A,happy/SIT,,,
281,haetsali_happy_sit_indoor_0097.jpg,grade_A,happy/SIT,,,
282,haetsali_happy_sit_indoor_0098.jpg,grade_A,happy/SIT,,,
283,haetsali_happy_sit_indoor_0099.jpg,grade_A,happy/SIT,,,
284,haetsali_happy_sit_indoor_0101.jpg,grade_A,happy/SIT,,,
285,haetsali_happy_sit_indoor_0102.jpg,grade_A,happy/SIT,,,
286,haetsali_happy_sit_indoor_0103.jpg,grade_A,happy/SIT,,,
287,haetsali_happy_sit_indoor_0104.jpg,grade_A,happy/SIT,,,
288,haetsali_happy_sit_indoor_0105.jpg,grade_A,happy/SIT,,,
289,haetsali_happy_sit_indoor_0106.jpg,grade_A,happy/SIT,,,
290,haetsali_happy_sit_indoor_0107.jpg,grade_A,happy/SIT,,,
291,haetsali_happy_sit_indoor_0108.jpg,grade_A,happy/SIT,,,
292,haetsali_happy_sit_indoor_0109.jpg,grade_A,happy/SIT,,,
293,haetsali_happy_sit_indoor_0110.jpg,grade_A,happy/SIT,,,
294,haetsali_happy_sit_indoor_0111.jpg,grade_A,happy/SIT,,,
295,haetsali_happy_sit_indoor_0112.jpg,grade_A,happy/SIT,,,
296,haetsali_happy_sit_indoor_0113.jpg,grade_A,happy/SIT,,,
297,haetsali_happy_sit_indoor_0114.jpg,grade_A,happy/SIT,,,
298,haetsali_happy_sit_indoor_0115.jpg,grade_A,happy/SIT,,,
299,haetsali_happy_sit_indoor_0116.jpg,grade_A,happy/SIT,,,
300,haetsali_happy_sit_indoor_0117.jpg,grade_A,happy/SIT,,,
301,haetsali_happy_sit_indoor_0118.jpg,grade_A,happy/SIT,,,
302,haetsali_happy_sit_indoor_0119.jpg,grade_A,happy/SIT,,,
303,haetsali_happy_sit_indoor_0120.jpg,grade_A,happy/SIT,,,
304,haetsali_happy_sit_indoor_0121.jpg,grade_A,happy/SIT,,,
305,haetsali_happy_sit_indoor_0122.jpg,grade_A,happy/SIT,,,
306,haetsali_happy_sit_indoor_0123.jpg,grade_A,happy/SIT,,,
307,haetsali_happy_sit_indoor_0124.jpg,grade_A,happy/SIT,,,
308,haetsali_happy_sit_indoor_0125.jpg,grade_A,happy/SIT,,,
309,haetsali_happy_sit_indoor_0126.jpg,grade_A,happy/SIT,,,
310,haetsali_happy_sit_indoor_0127.jpg,grade_A,happy/SIT,,,
311,haetsali_happy_sit_indoor_0128.jpg,grade_A,happy/SIT,,,
312,haetsali_happy_sit_indoor_0129.jpg,grade_A,happy/SIT,,,
313,haetsali_happy_sit_indoor_0131.jpg,grade_A,happy/SIT,,,
314,haetsali_happy_sit_indoor_0132.jpg,grade_A,happy/SIT,,,
315,haetsali_happy_sit_indoor_0133.jpg,grade_A,happy/SIT,,,
316,haetsali_happy_sit_indoor_0134.jpg,grade_A,happy/SIT,,,
317,haetsali_happy_sit_indoor_0135.jpg,grade_A,happy/SIT,,,
318,haetsali_happy_sit_indoor_0136.jpg,grade_A,happy/SIT,,,
319,haetsali_happy_sit_indoor_0137.jpg,grade_A,happy/SIT,,,
320,haetsali_happy_sit_indoor_0138.jpg,grade_A,happy/SIT,,,
321,haetsali_happy_sit_indoor_0139.jpg,grade_A,happy/SIT,,,
322,haetsali_happy_sit_indoor_0140.jpg,grade_A,happy/SIT,,,
323,haetsali_happy_sit_indoor_0141.jpg,grade_A,happy/SIT,,,
324,haetsali_happy_sit_indoor_0142.jpg,grade_A,happy/SIT,,,
325,haetsali_happy_sit_indoor_0143.jpg,grade_A,happy/SIT,,,
326,haetsali_happy_sit_indoor_0144.jpg,grade_A,happy/SIT,,,
327,haetsali_happy_sit_indoor_0145.jpg,grade_A,happy/SIT,,,
328,haetsali_happy_sit_indoor_0146.jpg,grade_A,happy/SIT,,,
329,haetsali_happy_sit_indoor_0147.jpg,grade_A,happy/SIT,,,
330,haetsali_happy_sit_indoor_0148.jpg,grade_A,happy/SIT,,,
331,haetsali_happy_sit_indoor_0149.jpg,grade_A,happy/SIT,,,
332,haetsali_happy_sit_indoor_0150.jpg,grade_A,happy/SIT,,,
333,haetsali_happy_sit_indoor_0151.jpg,grade_A,happy/SIT,,,
334,haetsali_happy_sit_indoor_0152.jpg,grade_A,happy/SIT,,,
335,haetsali_happy_sit_indoor_0153.jpg,grade_A,happy/SIT,,,
336,haetsali_happy_sit_indoor_0154.jpg,grade_A,happy/SIT,,,
337,haetsali_happy_sit_indoor_0155.jpg,grade_A,happy/SIT,,,
338,haetsali_happy_sit_indoor_0156.jpg,grade_A,happy/SIT,,,
339,haetsali_happy_sit_indoor_0157.jpg,grade_A,happy/SIT,,,
340,haetsali_happy_sit_indoor_0158.jpg,grade_A,happy/SIT,,,
341,haetsali_happy_sit_indoor_0159.jpg,grade_A,happy/SIT,,,
342,haetsali_happy_sit_indoor_0160.jpg,grade_A,happy/SIT,,,
343,haetsali_happy_sit_indoor_0161.jpg,grade_A,happy/SIT,,,
344,haetsali_happy_sit_indoor_0162.jpg,grade_A,happy/SIT,,,
345,haetsali_happy_sit_indoor_0163.jpg,grade_A,happy/SIT,,,
346,haetsali_happy_sit_indoor_0164.jpg,grade_A,happy/SIT,,,
347,haetsali_happy_sit_indoor_0165.jpg,grade_A,happy/SIT,,,
348,haetsali_happy_sit_indoor_0166.jpg,grade_A,happy/SIT,,,
349,haetsali_happy_sit_indoor_0167.jpg,grade_A,happy/SIT,,,
350,haetsali_happy_sit_indoor_0168.jpg,grade_A,happy/SIT,,,
351,haetsali_happy_sit_indoor_0169.jpg,grade_A,happy/SIT,,,
352,haetsali_happy_sit_indoor_0170.jpg,grade_A,happy/SIT,,,
353,haetsali_happy_sit_indoor_0171.jpg,grade_A,happy/SIT,,,
354,haetsali_happy_sit_indoor_0172.jpg,grade_A,happy/SIT,,,
355,haetsali_happy_sit_indoor_0173.jpg,grade_A,happy/SIT,,,
356,haetsali_happy_sit_indoor_0174.jpg,grade_A,happy/SIT,,,
357,haetsali_happy_sit_indoor_0175.jpg,grade_A,happy/SIT,,,
358,haetsali_happy_sit_indoor_0176.jpg,grade_A,happy/SIT,,,
359,haetsali_happy_sit_indoor_0177.jpg,grade_A,happy/SIT,,,
360,haetsali_happy_sit_indoor_0178.jpg,grade_A,happy/SIT,,,
361,haetsali_happy_sit_indoor_0179.jpg,grade_A,happy/SIT,,,
362,haetsali_happy_sit_indoor_0180.jpg,grade_A,happy/SIT,,,
363,haetsali_happy_sit_indoor_0181.jpg,grade_A,happy/SIT,,,
364,haetsali_happy_sit_indoor_0182.jpg,grade_A,happy/SIT,,,
365,haetsali_happy_sit_indoor_0183.jpg,grade_A,happy/SIT,,,
366,haetsali_happy_sit_indoor_0184.jpg,grade_A,happy/SIT,,,
367,haetsali_happy_sit_indoor_0185.jpg,grade_A,happy/SIT,,,
368,haetsali_happy_sit_indoor_0186.jpg,grade_A,happy/SIT,,,
369,haetsali_happy_sit_indoor_0187.jpg,grade_A,happy/SIT,,,
370,haetsali_happy_sit_indoor_0188.jpg,grade_A,happy/SIT,,,
371,haetsali_happy_sit_indoor_0189.jpg,grade_A,happy/SIT,,,
372,haetsali_happy_sit_indoor_0190.jpg,grade_A,happy/SIT,,,
373,haetsali_happy_sit_indoor_0191.jpg,grade_A,happy/SIT,,,
374,haetsali_happy_sit_indoor_0192.jpg,grade_A,happy/SIT,,,
375,haetsali_happy_sit_indoor_0193.jpg,grade_A,happy/SIT,,,
376,haetsali_happy_sit_indoor_0194.jpg,grade_A,happy/SIT,,,
377,haetsali_happy_sit_indoor_0195.jpg,grade_A,happy/SIT,,,
378,haetsali_happy_sit_indoor_0196.jpg,grade_A,happy/SIT,,,
379,haetsali_happy_sit_indoor_0197.jpg,grade_A,happy/SIT,,,
380,haetsali_happy_sit_indoor_0198.jpg,grade_A,happy/SIT,,,
381,haetsali_happy_sit_indoor_0199.jpg,grade_A,happy/SIT,,,
382,haetsali_happy_sit_indoor_0200.jpg,grade_A,happy/SIT,,,
383,haetsali_happy_sit_indoor_0201.jpg,grade_A,happy/SIT,,,
384,haetsali_happy_sit_indoor_0202.jpg,grade_A,happy/SIT,,,
385,haetsali_happy_sit_indoor_0203.jpg,grade_A,happy/SIT,,,
386,haetsali_happy_sit_indoor_0204.jpg,grade_A,happy/SIT,,,
387,haetsali_happy_sit_indoor_0205.jpg,grade_A,happy/SIT,,,
388,haetsali_happy_sit_indoor_0206.jpg,grade_A,happy/SIT,,,
389,haetsali_happy_sit_indoor_0207.jpg,grade_A,happy/SIT,,,
